{"count":1,"self":114.01529599999999,"total":114.1209951,"children":{"AgentSendState":{"count":5472,"self":0.050839499999999996,"total":0.0618014,"children":{"CollectObservations":{"count":1095,"self":0.0099613999999999987,"total":0.0099613999999999987,"children":null},"CollectDiscreteActionMasks":{"count":1095,"self":0.0010004999999999999,"total":0.0010004999999999999,"children":null}}},"DecideAction":{"count":5472,"self":0.023931599999999997,"total":0.023931599999999997,"children":null},"AgentAct":{"count":5472,"self":0.018961699999999998,"total":0.018961699999999998,"children":null}},"gauges":{"Warship.CumulativeReward":{"count":3,"max":-1,"min":-1.2,"runningAverage":-1.11666667,"value":-1.15,"weightedAverage":-1.1500001}},"metadata":{"timer_format_version":"0.1.0","start_time_seconds":"1607600098","unity_version":"2019.4.15f1","command_line_arguments":"C:\\Program Files\\Unity\\Hub\\Editor\\2019.4.15f1\\Editor\\Unity.exe -projectpath C:\/Users\/rapsealk\/Desktop\/git\/BlackWhale -useHub -hubIPC -cloudEnvironment production -hubSessionId 35738710-3ad9-11eb-b514-1f0fb3ec2d4c","communication_protocol_version":"1.0.0","com.unity.ml-agents_version":"1.0.6","scene_name":"BattleScene","end_time_seconds":"1607600212"}}