{"count":1,"self":160.4280064,"total":160.7578169,"children":{"AgentSendState":{"count":5830,"self":0.09244709999999999,"total":0.18891329999999998,"children":{"CollectObservations":{"count":2332,"self":0.09449769999999999,"total":0.09449769999999999,"children":null},"CollectDiscreteActionMasks":{"count":2332,"self":0.0019684999999999998,"total":0.0019684999999999998,"children":null}}},"DecideAction":{"count":5830,"self":0.030818699999999997,"total":0.030818699999999997,"children":null},"AgentAct":{"count":5830,"self":0.1071167,"total":0.1071167,"children":null}},"gauges":{},"metadata":{"timer_format_version":"0.1.0","start_time_seconds":"1611475125","unity_version":"2019.4.18f1","command_line_arguments":"D:\\Program Files\\Unity\\Hub\\Editor\\2019.4.18f1\\Editor\\Unity.exe -projectpath C:\/Users\/sonagi623\/Desktop\/git\/Rimpac -useHub -hubIPC -cloudEnvironment production -hubSessionId 420e6300-5df2-11eb-9141-9f61a7c5f8f8 -accessToken BOL2vRuNmPiZCKag_6lxf77g43jyEuddXacSFoqCjqw00df","communication_protocol_version":"1.0.0","com.unity.ml-agents_version":"1.0.6","scene_name":"ManeuverTestScene","end_time_seconds":"1611475285"}}